{
    "acc": 0.6692073170731707,
    "precision": 0.6137931034482759,
    "recall": 0.356,
    "f1 score": 0.4506329113924051
}